{"cameraMode":{"drawMode":0,"name":"Shaded","section":"Shading Mode"},"sceneLighting":false,"audioPlay":false,"sceneViewState":{"showFog":true,"showMaterialUpdate":false,"showSkybox":false,"showFlares":true,"showImageEffects":true,"showParticleSystems":true},"in2DMode":false,"pivot":{"x":-51.7746696472168,"y":0.08303884416818619,"z":-1.8568018674850464},"rotation":{"x":-0.5808173418045044,"y":-0.29568469524383547,"z":0.23818928003311158,"w":-0.7201684713363648},"size":34.2969970703125,"orthographic":false}