{"cameraMode":{"drawMode":0,"name":"Shaded","section":"Shading Mode"},"sceneLighting":true,"audioPlay":false,"sceneViewState":{"showFog":true,"showMaterialUpdate":false,"showSkybox":true,"showFlares":true,"showImageEffects":true,"showParticleSystems":true},"in2DMode":false,"pivot":{"x":-17.31117057800293,"y":2.971120834350586,"z":-11.452040672302246},"rotation":{"x":-0.27513858675956728,"y":-0.7235532402992249,"z":0.41591814160346987,"w":-0.4775431752204895},"size":36.284706115722659,"orthographic":false}