{"cameraMode":{"drawMode":0,"name":"Shaded","section":"Shading Mode"},"sceneLighting":true,"audioPlay":false,"sceneViewState":{"showFog":true,"showMaterialUpdate":false,"showSkybox":true,"showFlares":true,"showImageEffects":true,"showParticleSystems":true},"in2DMode":false,"pivot":{"x":20.120861053466798,"y":5.247037887573242,"z":22.370031356811525},"rotation":{"x":0.1325056552886963,"y":-0.8344187140464783,"z":0.4837047755718231,"w":0.22890564799308778},"size":17.304046630859376,"orthographic":false}